Brand,Model_Info,Model_Details,Image_Link
Dell,Dell EcoLoop Pro Laptop Sleeve 15-16 Inch CV5623,"Introducing the Dell Laptop Bag: the ultimate companion for the modern professional on the go. This sleek and stylish bag combines functionality, durability, and elegance to provide the perfect carrying solution for your valuable laptop and other essentials.",https://m.media-amazon.com/images/I/81Ft1agfK8L.__AC_SX300_SY300_QL70_ML2_.jpg
Dell,Dell 15IN Essential BP ES1520P,"UPC: 884116349129    Weight: 0.800 lbs
",https://m.media-amazon.com/images/I/91pCSQtctFL.__AC_SX300_SY300_QL70_ML2_.jpg
Dell,"Dell Pro Slim Backpack 15-Keep Your Laptop, Tablet and Everyday Essentials securely Protected Within The eco-Friendly Dell Pro Slim Backpack (PO1520PS), a Slim-fit Backpack Designed for Work and More Black","Style: Briefcase    Application/Usage: Notebook    Lightweight and comfortable to carry    , and dependable everyday companion
",https://m.media-amazon.com/images/I/81F+ghx+0lL._AC_SY300_SX300_.jpg
Dell,"Dell Pro Briefcase 15 (PO1520C), Made with an Earth-Friendly Solution-Dyeing Process That generates 90% Less Wastewater, 62% Less CO2 Emissions, and uses 29% Less Energy Than Traditional processes",", impact-resistant protection FOR YOUR laptop    Durable coating keeps essentials dry    Lightweight and comfortable to carry in three flexible ways    Fits most laptops, up to 15-inches
",https://m.media-amazon.com/images/I/71bQn-dRwkL.__AC_SX300_SY300_QL70_ML2_.jpg
Dell,Dell Professional Sleeve 14 460-BCFM *Same as 460-BCFM*,"
 About this item    Lightweight and comfortable design    Weather resistant materials prevent damage    Superb functionality for easy transport
",https://m.media-amazon.com/images/I/81mtfOBORVL.__AC_SY300_SX300_QL70_ML2_.jpg
Dell,Dell Premier Slim Briefcase 14,"Introducing the Dell Laptop Bag: the ultimate companion for the modern professional on the go. This sleek and stylish bag combines functionality, durability, and elegance to provide the perfect carrying solution for your valuable laptop and other essentials.",https://m.media-amazon.com/images/I/61a47fuMXGL.__AC_SY300_SX300_QL70_ML2_.jpg
Dell,Dell Premier Backpack 15 PE1520P AN,"Ultimate, earth-friendly travel backpack.    Designed to breeze through TSA checkpoints.    Durable coating keeps essentials dry.    Impact-resistant protection for your laptop.    Lightweight and comfortable to carry.
",https://m.media-amazon.com/images/I/71SOgkAHi+L._AC_SY300_SX300_.jpg
Dell,"Dell Essential ES1520C Carrying Case (Briefcase) for 15"" to 15.6"" Notebook - Black","
 About this item    Store and carry your gadget and accessories with this zippered carrying case    Case is designed for a gadget with a 15.6"" screen    An excellent choice for your notebook
",https://m.media-amazon.com/images/I/713aDdp7MQL.__AC_SY300_SX300_QL70_ML2_.jpg